concessionaria;ano;obras;previsto_pp;executado_pp;obras_cumpriram;cumprimento_pct;pct_obras_cumpriram;previsto_original_pp;cumprimento_vs_plano_original_pct
AUTOPISTA LITORAL SUL;2024,0;33;719,97;3146,45;31;437,0251538258538;93,93939393939394;548,97;573,1551815217589
AUTOPISTA LITORAL SUL;2025,0;3;170,61;100,0;1;58,613211417853584;33,33333333333333;138,86;72,01497911565605
AUTOPISTA PLANALTO SUL;2024,0;2;162,64;105,93;1;65,13157894736842;50,0;162,64;65,13157894736842
ECOVIAS DO ARAGUAIA;2023,0;26;2600,0;2598,5;26;99,9423076923077;100,0;1800,0;144,36111111111111
ECOVIAS DO ARAGUAIA;2024,0;22;2200,0;217,43;1;9,883181818181818;4,545454545454546;2200,0;9,883181818181818
ECOVIAS MINAS GOIÁS;2025,0;12;653,16;919,99;10;140,85216486006493;83,33333333333334;653,16;140,85216486006493
ECOVIAS RIO MINAS;2024,0;305;12643,21;2602,57;27;20,584724923496488;8,852459016393443;10589,89;24,57598709712755
EPR VIA MINEIRA;2024,0;16;1508,33;1583,33;16;104,97238667930758;100,0;1483,33;106,74158818334422
EPR VIA MINEIRA;2025,0;7;700,0;539,14;4;77,02;57,14285714285714;700,0;77,02
LITORAL PIONEIRO;2024,0;28;2650,0;2342,2;20;88,38490566037736;71,42857142857143;2800,0;83,64999999999999
LITORAL PIONEIRO;2025,0;14;1400,0;1168,76;11;83,48285714285714;78,57142857142857;1200,0;97,39666666666666
MOTIVA PARANÁ;2025,0;26;2356,0;2186,75;19;92,81621392190152;73,07692307692307;2500,0;87,47
NOVA 381;2025,0;18;1705,0;1905,0;18;111,73020527859236;100,0;1800,0;105,83333333333333
RIOSP;2024,0;194;16202,54;13212,65;121;81,54678217119043;62,371134020618555;6541,34;201,98690176630473
ROTA VERDE GOIÁS;2025,0;25;2430,0;2430,0;25;100,0;100,0;2380,0;102,10084033613444
VIA ARAUCÁRIA;2024,0;19;1900,0;1713,34;16;90,1757894736842;84,21052631578947;1900,0;90,1757894736842
VIA ARAUCÁRIA;2025,0;13;459,77;369,11;6;80,28144507036129;46,15384615384615;459,77;80,28144507036129
VIA COSTEIRA;2023,0;12;1200,0;1263,41;12;105,28416666666666;100,0;1200,0;105,28416666666666
VIA COSTEIRA;2024,0;29;2568,5;2297,76;22;89,45921744208682;75,86206896551724;2337,48;98,30073412392835
VIA CRISTAIS;2025,0;28;2700,0;2576,34;26;95,42;92,85714285714286;2675,0;96,31177570093459
VIA SUL;2024,0;1;100,0;100,0;1;100,0;100,0;100,0;100,0
VIA SUL;2025,0;72;4842,73;3063,24;25;63,254404024176445;34,72222222222222;4802,29;63,78706825285436
