concessionaria;ano;obras_atrasadas;deficit_total_pp;km_nao_entregues;valor_nao_executado_rs;postergacao_media_meses
AUTOPISTA LITORAL SUL;2024,0;2,0;34,97;0,0;1756912,0780099998;9,473181220881616
AUTOPISTA LITORAL SUL;2025,0;2,0;73,61;4,8;11010253,30573;3,9969338589575116
AUTOPISTA PLANALTO SUL;2024,0;1,0;88,13999999999999;4,31886;2360176,5710639996;6,011826544021025
AUTOPISTA PLANALTO SUL;2025,0;1,0;18,5;0,0;12238,73605;0,0
ECOVIAS CAPIXABA;2025,0;14,0;410,35;2,82068;0,0;0,0
ECOVIAS DO ARAGUAIA;2023,0;0,0;1,5;0,0;0,0;0,0
ECOVIAS DO ARAGUAIA;2024,0;21,0;1982,57;25,0618207;0,0;0,0
ECOVIAS MINAS GOIÁS;2025,0;2,0;165,0;0,0;0,0;19,990144546649145
ECOVIAS RIO MINAS;2024,0;278,0;11125,85;490,7082595;0,0;0,39324874517998315
ELOVIAS;2025,0;7,0;399,87;0,0;0,0;0,0
EPR IGUAÇU;2025,0;3,0;316,5;0,0;0,0;0,0
EPR VIA MINEIRA;2024,0;0,0;0,0;0,0;0,0;0,0
EPR VIA MINEIRA;2025,0;3,0;160,86;0,0;0,0;0,0
LITORAL PIONEIRO;2024,0;8,0;307,8;0,0;0,0;0,0
LITORAL PIONEIRO;2025,0;3,0;231,24;0,0;0,0;0,0
MOTIVA PARANÁ;2025,0;7,0;169,25;0,0;0,0;0,0
NOVA 364;2025,0;0,0;0,0;0,0;0,0;0,0
NOVA 381;2025,0;0,0;0,0;0,0;0,0;0,0
PANTANAL;2025,0;34,0;2256,06;13,188109;0,0;0,0
RIOSP;2024,0;73,0;3427,3;1851,0579307;0,0;0,4328271265426663
RIOSP;2025,0;1,0;96,02000000000001;3,0726400000000003;0,0;0,0
ROTA VERDE GOIÁS;2025,0;0,0;0,0;0,0;0,0;0,0
VIA ARAUCÁRIA;2024,0;3,0;186,66;0,0;0,0;0,0
VIA ARAUCÁRIA;2025,0;7,0;138,43;0,0;0,0;0,0
VIA COSTEIRA;2023,0;0,0;0,0;0,0;0,0;0,0
VIA COSTEIRA;2024,0;7,0;511,06;0,337953;0,0;7,0302233902759514
VIA CRISTAIS;2025,0;2,0;123,66;0,0;0,0;0,0
VIA SUL;2024,0;0,0;0,0;0,0;0,0;0,0
VIA SUL;2025,0;47,0;3075,33;91,63259570000001;0,0;9,829902175500072
WAY 262;2025,0;1,0;100,0;0,0;0,0;0,0
