concessionaria;anos;obras_atrasadas;km_nao_entregues;valor_nao_executado_rs;postergacao_media_meses;inexecucao_media_pct;fator_d_total_pct
ECOVIAS RIO MINAS;1;278,0;490,7082595;0,0;0,39324874517998315;;
RIOSP;2;74,0;1854,1305707000001;0,0;0,21641356327133315;;
VIA SUL;2;47,0;91,63259570000001;0,0;4,914951087750036;;
PANTANAL;1;34,0;13,188109;0,0;0,0;;
ECOVIAS DO ARAGUAIA;2;21,0;25,0618207;0,0;0,0;;
ECOVIAS CAPIXABA;1;14,0;2,82068;0,0;0,0;;
LITORAL PIONEIRO;2;11,0;0,0;0,0;0,0;12,778571428571428;0,20216
VIA ARAUCÁRIA;2;10,0;0,0;0,0;0,0;;
MOTIVA PARANÁ;1;7,0;0,0;0,0;0,0;;
VIA COSTEIRA;2;7,0;0,337953;0,0;3,5151116951379757;;
ELOVIAS;1;7,0;0,0;0,0;0,0;;
AUTOPISTA LITORAL SUL;2;4,0;4,8;12767165,38374;6,735057539919564;;
EPR VIA MINEIRA;2;3,0;0,0;0,0;0,0;;
EPR IGUAÇU;1;3,0;0,0;0,0;0,0;;
AUTOPISTA PLANALTO SUL;2;2,0;4,31886;2372415,3071139995;3,0059132720105124;;
ECOVIAS MINAS GOIÁS;1;2,0;0,0;0,0;19,990144546649145;;
VIA CRISTAIS;1;2,0;0,0;0,0;0,0;9,323461538461538;0,0
WAY 262;1;1,0;0,0;0,0;0,0;4,545454545454546;0,0
NOVA 364;1;0,0;0,0;0,0;0,0;;
NOVA 381;1;0,0;0,0;0,0;0,0;;
ROTA VERDE GOIÁS;1;0,0;0,0;0,0;0,0;;
