concessionaria;ano;situacao;obras_no_plano;prob_nao_cumprir_plano_pct;risco;cumprimento_esperado_pct;cumprimento_p10_p90;prob_media_atraso_obra_pct;obras_em_risco;valor_em_risco_rs;km_em_risco
ECOVIAS RIO MINAS;2026;planejado;164;98,96000000000001;Alto;49,87190864807446;26%–75%;50,84784543115043;97;0,0;461,07468478375444
NOVA 381;2026;em andamento;12;97,98;Alto;56,18363635614369;33%–80%;53,61644152109223;7;0,0;0,0
LITORAL PIONEIRO;2026;em andamento;29;97,48;Alto;65,81490468965518;50%–82%;62,24019191281974;23;0,0;81,7123590428127
VIA SUL;2026;planejado;56;97,42;Alto;64,12066459346887;45%–82%;53,976058883140546;35;0,0;97,65801947917086
ECOVIAS DO CERRADO;2026;planejado;19;96,72;Alto;55,90509471501449;31%–81%;57,59208528948644;13;0,0;89,71248324425521
NOVA 364;2026;planejado;40;96,54;Alto;57,795282950897274;33%–82%;49,44000046953292;17;0,0;1453,711231775048
ECOVIAS MINAS GOIÁS;2026;planejado;13;93,78;Alto;48,72820823008244;10%–86%;70,74037771607044;12;0,0;0,6225631787708088
EPR IGUAÇU;2026;planejado;9;92,84;Alto;57,587793123360406;25%–88%;51,770840650951364;6;0,0;0,0
VIA ARAUCÁRIA;2026;planejado;75;91,62;Alto;70,79047408030083;52%–89%;40,96644474000241;20;0,0;38,170029291294384
VIA CRISTAIS;2026;em andamento;4;91,22;Alto;54,86101335289928;25%–86%;52,92691445818715;2;0,0;0,0
NOVA ROTA DO OESTE;2026;planejado;3;88,28;Alto;43,291030975073774;10%–95%;51,400885490236256;2;39541687,91491963;1,5913163121856508
AUTOPISTA FLUMINENSE;2026;em andamento;5;87,32;Alto;58,91879093293755;28%–100%;43,56974390004577;2;0,0;0,9432599765383233
AUTOPISTA LITORAL SUL;2026;planejado;10;83,91999999999999;Alto;76,44727111739378;55%–92%;40,09895286686421;4;11074436,46917136;3,8365166392731807
MOTIVA MINAS SP;2026;planejado;16;83,39999999999999;Alto;69,87105679179687;43%–93%;35,26461743403209;2;0,0;0,30850091012814823
ECOVIAS DO ARAGUAIA;2025;planejado;42;81,26;Alto;72,34783066666667;47%–93%;28,36143771421089;1;0,0;21,293281504738708
WAY 262;2026;planejado;13;73,78;Alto;75,88819973010325;49%–98%;31,144737775374793;1;0,0;0,0
ROTA VERDE GOIÁS;2026;planejado;5;73,56;Alto;70,48133878148491;40%–100%;35,18365157977276;0;0,0;101,17584366087556
MOTIVA PARANÁ;2026;planejado;7;67,72;Alto;82,391544;66%–97%;49,22584680363934;5;0,0;0,0
VIA CAMPO;2026;planejado;25;62,760000000000005;Médio;82,0004641325623;60%–99%;21,2049822364161;0;0,0;0,0
WAY 153;2026;planejado;31;50,12;Médio;87,10852615010297;70%–100%;14,576404736325374;0;0,0;0,0
EPR PARANÁ;2026;planejado;34;33,0;Médio;90,81208666952621;76%–100%;11,12882742971326;0;0,0;0,0
WAY 364;2026;planejado;24;32,08;Baixo;91,18809762776972;76%–100%;10,464288909965386;0;0,0;0,0
AUTOPISTA PLANALTO SUL;2026;planejado;3;31,4;Baixo;82,14249978349108;46%–100%;42,412006907352065;1;1921831,2009410828;0,2627572613922373
ECOVIAS DAS GERAIS;2026;planejado;37;27,200000000000003;Baixo;92,45904144216857;80%–100%;8,907999789800138;0;0,0;0,0
ECOVIAS PONTE;2025;planejado;1;5,96;Baixo;94,9344874336408;100%–100%;5,805344932330829;0;226223,5726922739;0,06286608027221055
