concessionaria;ano;mes;previsto;executado;obras_com_meta;obras_cumpriram;indice_cumprimento;pct_obras_cumpriram;previsto_acum;executado_acum;desvio_acum_pp;periodo;t
AUTOPISTA FLUMINENSE;2026,0;1;0,0;0,0;0;0,0;;;0,0;0,0;0,0;2026-M01;24313,0
AUTOPISTA FLUMINENSE;2026,0;2;0,0;20,31;0;0,0;;;0,0;20,31;20,31;2026-M02;24314,0
AUTOPISTA FLUMINENSE;2026,0;3;4,06;51,21;2;1,0;1261,3300492610838;50,0;4,06;71,52;67,46;2026-M03;24315,0
AUTOPISTA LITORAL SUL;2024,0;1;74,0;74,0;16;16,0;100,0;100,0;74,0;74,0;0,0;2024-M01;24289,0
AUTOPISTA LITORAL SUL;2024,0;2;80,23;80,23;15;15,0;100,0;100,0;154,23000000000002;154,23000000000002;0,0;2024-M02;24290,0
AUTOPISTA LITORAL SUL;2024,0;3;72,02;72,02;26;26,0;100,0;100,0;226,25;226,25;0,0;2024-M03;24291,0
AUTOPISTA LITORAL SUL;2024,0;4;87,10000000000001;91,1;19;18,0;104,59242250287024;94,73684210526315;313,35;317,35;4,0;2024-M04;24292,0
AUTOPISTA LITORAL SUL;2024,0;5;92,79;96,83;18;17,0;104,35391744800084;94,44444444444444;406,14;414,18;8,04000000000002;2024-M05;24293,0
AUTOPISTA LITORAL SUL;2024,0;6;71,60000000000001;78,77000000000001;16;15,0;110,01396648044692;93,75;477,74;492,95;15,20999999999998;2024-M06;24294,0
AUTOPISTA LITORAL SUL;2024,0;7;42,2;43,78;20;19,0;103,74407582938387;95,0;519,94;536,73;16,789999999999964;2024-M07;24295,0
AUTOPISTA LITORAL SUL;2024,0;8;7,08;6,18;2;1,0;87,28813559322035;50,0;527,02;542,91;15,889999999999986;2024-M08;24296,0
AUTOPISTA LITORAL SUL;2024,0;9;25,040000000000003;74,83;15;9,0;298,84185303514374;60,0;552,0600000000001;617,74;65,67999999999995;2024-M09;24297,0
AUTOPISTA LITORAL SUL;2024,0;10;45,51;30,51;4;3,0;67,04021094264996;75,0;597,57;648,25;50,67999999999995;2024-M10;24298,0
AUTOPISTA LITORAL SUL;2024,0;11;40,32;25,529999999999998;3;1,0;63,31845238095237;33,33333333333333;637,89;673,78;35,889999999999986;2024-M11;24299,0
AUTOPISTA LITORAL SUL;2024,0;12;53,08;10,66;3;0,0;20,08289374529013;0,0;690,97;684,44;-6,529999999999973;2024-M12;24300,0
AUTOPISTA LITORAL SUL;2025,0;1;18,08;18,36;2;2,0;101,54867256637168;100,0;18,08;18,36;0,28000000000000114;2025-M01;24301,0
AUTOPISTA LITORAL SUL;2025,0;2;27,09;29,009999999999998;2;2,0;107,08748615725358;100,0;45,17;47,37;2,1999999999999957;2025-M02;24302,0
AUTOPISTA LITORAL SUL;2025,0;3;36,93;36,05;2;1,0;97,6171134578933;50,0;82,1;83,41999999999999;1,3199999999999932;2025-M03;24303,0
AUTOPISTA LITORAL SUL;2025,0;4;11,72;15,49;2;1,0;132,16723549488054;50,0;93,82;98,91;5,090000000000003;2025-M04;24304,0
AUTOPISTA LITORAL SUL;2025,0;5;11,01;7,0600000000000005;2;1,0;64,12352406902816;50,0;104,83;105,97;1,1400000000000006;2025-M05;24305,0
AUTOPISTA LITORAL SUL;2025,0;6;0,56;0,56;1;1,0;100,0;100,0;105,39;106,53;1,1400000000000006;2025-M06;24306,0
AUTOPISTA LITORAL SUL;2025,0;7;0,56;0,56;1;1,0;100,0;100,0;105,94999999999999;107,08999999999999;1,1400000000000006;2025-M07;24307,0
AUTOPISTA LITORAL SUL;2025,0;8;0,56;0,56;1;1,0;100,0;100,0;106,50999999999999;107,64999999999999;1,1400000000000006;2025-M08;24308,0
AUTOPISTA LITORAL SUL;2025,0;9;0,56;0,56;1;1,0;100,0;100,0;107,07;108,21;1,1400000000000006;2025-M09;24309,0
AUTOPISTA LITORAL SUL;2025,0;10;0,56;0,56;1;1,0;100,0;100,0;107,63;108,77;1,1400000000000006;2025-M10;24310,0
AUTOPISTA LITORAL SUL;2025,0;11;0,56;0,56;1;1,0;100,0;100,0;108,19;109,33;1,1400000000000006;2025-M11;24311,0
AUTOPISTA LITORAL SUL;2025,0;12;60,56;45,870000000000005;2;1,0;75,74306472919419;50,0;168,75;155,2;-13,550000000000011;2025-M12;24312,0
AUTOPISTA PLANALTO SUL;2024,0;1;31,09;31,09;2;2,0;100,0;100,0;31,09;31,09;0,0;2024-M01;24289,0
AUTOPISTA PLANALTO SUL;2024,0;2;21,4;21,4;2;2,0;100,0;100,0;52,489999999999995;52,489999999999995;0,0;2024-M02;24290,0
AUTOPISTA PLANALTO SUL;2024,0;3;28,85;28,85;2;2,0;100,0;100,0;81,34;81,34;0,0;2024-M03;24291,0
AUTOPISTA PLANALTO SUL;2024,0;4;18,89;18,89;2;2,0;100,0;100,0;100,23;100,23;0,0;2024-M04;24292,0
AUTOPISTA PLANALTO SUL;2024,0;5;8,74;8,74;1;1,0;100,0;100,0;108,97;108,97;0,0;2024-M05;24293,0
AUTOPISTA PLANALTO SUL;2024,0;6;8,75;8,76;1;1,0;100,11428571428571;100,0;117,72;117,73;0,010000000000005116;2024-M06;24294,0
AUTOPISTA PLANALTO SUL;2024,0;7;5,92;5,92;1;1,0;100,0;100,0;123,64;123,65;0,010000000000005116;2024-M07;24295,0
AUTOPISTA PLANALTO SUL;2024,0;8;8,44;3,55;1;0,0;42,06161137440758;0,0;132,08;127,2;-4,88000000000001;2024-M08;24296,0
AUTOPISTA PLANALTO SUL;2024,0;9;6,66;4,75;1;0,0;71,32132132132132;0,0;138,74;131,95;-6,7900000000000205;2024-M09;24297,0
AUTOPISTA PLANALTO SUL;2024,0;10;6,97;6,32;1;1,0;90,67431850789097;100,0;145,71;138,27;-7,439999999999998;2024-M10;24298,0
AUTOPISTA PLANALTO SUL;2024,0;11;8,14;7,57;1;1,0;92,997542997543;100,0;153,85;145,84;-8,009999999999991;2024-M11;24299,0
AUTOPISTA PLANALTO SUL;2024,0;12;8,79;16,82;1;1,0;191,353811149033;100,0;162,64;162,66;0,020000000000010232;2024-M12;24300,0
AUTOPISTA PLANALTO SUL;2025,0;1;0,0;0,0;0;0,0;;;0,0;0,0;0,0;2025-M01;24301,0
AUTOPISTA PLANALTO SUL;2025,0;2;0,0;0,0;0;0,0;;;0,0;0,0;0,0;2025-M02;24302,0
AUTOPISTA PLANALTO SUL;2025,0;3;0,0;0,0;0;0,0;;;0,0;0,0;0,0;2025-M03;24303,0
AUTOPISTA PLANALTO SUL;2025,0;4;0,0;0,0;0;0,0;;;0,0;0,0;0,0;2025-M04;24304,0
AUTOPISTA PLANALTO SUL;2025,0;5;0,0;0,0;0;0,0;;;0,0;0,0;0,0;2025-M05;24305,0
AUTOPISTA PLANALTO SUL;2025,0;6;0,0;0,0;0;0,0;;;0,0;0,0;0,0;2025-M06;24306,0
AUTOPISTA PLANALTO SUL;2025,0;7;0,0;0,0;0;0,0;;;0,0;0,0;0,0;2025-M07;24307,0
AUTOPISTA PLANALTO SUL;2025,0;8;0,0;0,0;0;0,0;;;0,0;0,0;0,0;2025-M08;24308,0
AUTOPISTA PLANALTO SUL;2025,0;9;0,0;0,0;0;0,0;;;0,0;0,0;0,0;2025-M09;24309,0
AUTOPISTA PLANALTO SUL;2025,0;10;0,0;18,5;0;0,0;;;0,0;18,5;18,5;2025-M10;24310,0
ECOVIAS CAPIXABA;2025,0;1;4,5;127,34;1;1,0;2829,777777777778;100,0;4,5;127,34;122,84;2025-M01;24301,0
ECOVIAS CAPIXABA;2025,0;2;1,5;45,78;1;1,0;3052,0;100,0;6,0;173,12;167,12;2025-M02;24302,0
ECOVIAS CAPIXABA;2025,0;3;2,0;20,16;1;0,0;1008,0;0,0;8,0;193,28;185,28;2025-M03;24303,0
ECOVIAS CAPIXABA;2025,0;4;1,7;50,99999999999999;1;0,0;2999,9999999999995;0,0;9,7;244,28;234,58;2025-M04;24304,0
ECOVIAS CAPIXABA;2025,0;5;2,2;15,83;1;0,0;719,5454545454545;0,0;11,9;260,11;248,21;2025-M05;24305,0
ECOVIAS CAPIXABA;2025,0;6;4,5;636,37;1;0,0;14141,555555555555;0,0;16,4;896,48;880,08;2025-M06;24306,0
ECOVIAS CAPIXABA;2025,0;7;5,7;35,87;1;0,0;629,298245614035;0,0;22,1;932,35;910,25;2025-M07;24307,0
ECOVIAS CAPIXABA;2025,0;8;10,2;57,13;2;0,0;560,0980392156863;0,0;32,3;989,48;957,1800000000001;2025-M08;24308,0
ECOVIAS CAPIXABA;2025,0;9;563,6800000000001;50,36;24;6,0;8,93414703377803;25,0;595,98;1039,84;443,8599999999999;2025-M09;24309,0
ECOVIAS CAPIXABA;2025,0;10;59,92;37,480000000000004;19;4,0;62,55006675567424;21,052631578947366;655,9;1077,32;421,41999999999996;2025-M10;24310,0
ECOVIAS CAPIXABA;2025,0;11;65,4;115,86;19;7,0;177,15596330275227;36,84210526315789;721,3000000000001;1193,18;471,88;2025-M11;24311,0
ECOVIAS DO ARAGUAIA;2023,0;1;8,0;0,0;8;0,0;0,0;0,0;8,0;0,0;-8,0;2023-M01;24277,0
ECOVIAS DO ARAGUAIA;2023,0;2;23,0;0,0;15;0,0;0,0;0,0;31,0;0,0;-31,0;2023-M02;24278,0
ECOVIAS DO ARAGUAIA;2023,0;3;33,0;0,0;15;0,0;0,0;0,0;64,0;0,0;-64,0;2023-M03;24279,0
ECOVIAS DO ARAGUAIA;2023,0;4;34,0;0,0;12;0,0;0,0;0,0;98,0;0,0;-98,0;2023-M04;24280,0
ECOVIAS DO ARAGUAIA;2023,0;5;60,0;0,0;12;0,0;0,0;0,0;158,0;0,0;-158,0;2023-M05;24281,0
ECOVIAS DO ARAGUAIA;2023,0;6;146,0;0,0;13;0,0;0,0;0,0;304,0;0,0;-304,0;2023-M06;24282,0
ECOVIAS DO ARAGUAIA;2023,0;7;220,0;0,0;13;0,0;0,0;0,0;524,0;0,0;-524,0;2023-M07;24283,0
ECOVIAS DO ARAGUAIA;2023,0;8;266,0;0,0;13;0,0;0,0;0,0;790,0;0,0;-790,0;2023-M08;24284,0
ECOVIAS DO ARAGUAIA;2023,0;9;214,0;0,0;21;0,0;0,0;0,0;1004,0;0,0;-1004,0;2023-M09;24285,0
ECOVIAS DO ARAGUAIA;2023,0;10;486,5;0,0;26;0,0;0,0;0,0;1490,5;0,0;-1490,5;2023-M10;24286,0
ECOVIAS DO ARAGUAIA;2023,0;11;661,5;0,0;26;0,0;0,0;0,0;2152,0;0,0;-2152,0;2023-M11;24287,0
ECOVIAS DO ARAGUAIA;2023,0;12;448,0;2595,01;26;26,0;579,2433035714287;100,0;2600,0;2595,01;-4,989999999999782;2023-M12;24288,0
ECOVIAS DO ARAGUAIA;2024,0;1;40,0;0,0;20;0,0;0,0;0,0;40,0;0,0;-40,0;2024-M01;24289,0
ECOVIAS DO ARAGUAIA;2024,0;2;52,0;0,0;20;0,0;0,0;0,0;92,0;0,0;-92,0;2024-M02;24290,0
ECOVIAS DO ARAGUAIA;2024,0;3;96,0;0,0;20;0,0;0,0;0,0;188,0;0,0;-188,0;2024-M03;24291,0
ECOVIAS DO ARAGUAIA;2024,0;4;132,0;0,0;20;0,0;0,0;0,0;320,0;0,0;-320,0;2024-M04;24292,0
ECOVIAS DO ARAGUAIA;2024,0;5;188,0;0,0;20;0,0;0,0;0,0;508,0;0,0;-508,0;2024-M05;24293,0
ECOVIAS DO ARAGUAIA;2024,0;6;232,0;0,0;20;0,0;0,0;0,0;740,0;0,0;-740,0;2024-M06;24294,0
ECOVIAS DO ARAGUAIA;2024,0;7;216,0;0,0;20;0,0;0,0;0,0;956,0;0,0;-956,0;2024-M07;24295,0
ECOVIAS DO ARAGUAIA;2024,0;8;200,0;0,0;22;0,0;0,0;0,0;1156,0;0,0;-1156,0;2024-M08;24296,0
ECOVIAS DO ARAGUAIA;2024,0;9;346,0;0,0;22;0,0;0,0;0,0;1502,0;0,0;-1502,0;2024-M09;24297,0
ECOVIAS DO ARAGUAIA;2024,0;10;290,0;6,0;22;0,0;2,0689655172413794;0,0;1792,0;6,0;-1786,0;2024-M10;24298,0
ECOVIAS DO ARAGUAIA;2024,0;11;228,0;42,36;22;0,0;18,578947368421055;0,0;2020,0;48,36;-1971,64;2024-M11;24299,0
ECOVIAS DO ARAGUAIA;2024,0;12;180,0;269,1;22;2,0;149,5;9,090909090909092;2200,0;317,46000000000004;-1882,54;2024-M12;24300,0
ECOVIAS MINAS GOIÁS;2025,0;1;8,08;8,12;8;8,0;100,4950495049505;100,0;8,08;8,12;0,03999999999999915;2025-M01;24301,0
ECOVIAS MINAS GOIÁS;2025,0;2;37,37;37,37;10;10,0;100,0;100,0;45,449999999999996;45,489999999999995;0,03999999999999915;2025-M02;24302,0
ECOVIAS MINAS GOIÁS;2025,0;3;11,07;10,34;8;7,0;93,40560072267388;87,5;56,519999999999996;55,83;-0,6899999999999977;2025-M03;24303,0
ECOVIAS MINAS GOIÁS;2025,0;4;16,32;16,31;8;7,0;99,93872549019606;87,5;72,84;72,13999999999999;-0,700000000000017;2025-M04;24304,0
ECOVIAS MINAS GOIÁS;2025,0;5;15,45;16,16;7;7,0;104,59546925566343;100,0;88,28999999999999;88,3;0,010000000000005116;2025-M05;24305,0
ECOVIAS MINAS GOIÁS;2025,0;6;5,71;5,75;8;8,0;100,70052539404553;100,0;94,0;94,05;0,04999999999999716;2025-M06;24306,0
ECOVIAS MINAS GOIÁS;2025,0;7;18,290000000000003;18,31;8;7,0;100,1093493712411;87,5;112,28999999999999;112,35999999999999;0,06999999999999318;2025-M07;24307,0
ECOVIAS MINAS GOIÁS;2025,0;8;74,38;71,58;12;6,0;96,23554719010488;50,0;186,67;183,94;-2,7299999999999898;2025-M08;24308,0
ECOVIAS MINAS GOIÁS;2025,0;9;110,18;112,86;12;8,0;102,43238337266291;66,66666666666666;296,85;296,8;-0,05000000000001137;2025-M09;24309,0
ECOVIAS MINAS GOIÁS;2025,0;10;154,67000000000002;49,06;12;2,0;31,719143983965857;16,666666666666664;451,52;345,86;-105,65999999999997;2025-M10;24310,0
ECOVIAS MINAS GOIÁS;2025,0;11;133,93;0,0;12;0,0;0,0;0,0;585,45;345,86;-239,59000000000003;2025-M11;24311,0
ECOVIAS MINAS GOIÁS;2025,0;12;67,71;87,53;12;7,0;129,27189484566534;58,333333333333336;653,16;433,39;-219,76999999999998;2025-M12;24312,0
ECOVIAS RIO MINAS;2024,0;1;693,98;2,0;266;1,0;0,2881927433067235;0,37593984962406013;693,98;2,0;-691,98;2024-M01;24289,0
ECOVIAS RIO MINAS;2024,0;2;520,65;25,0;259;1,0;4,801690194948622;0,3861003861003861;1214,63;27,0;-1187,63;2024-M02;24290,0
ECOVIAS RIO MINAS;2024,0;3;385,63;0,0;258;0,0;0,0;0,0;1600,26;27,0;-1573,26;2024-M03;24291,0
ECOVIAS RIO MINAS;2024,0;4;392,65;0,0;257;0,0;0,0;0,0;1992,9099999999999;27,0;-1965,9099999999999;2024-M04;24292,0
ECOVIAS RIO MINAS;2024,0;5;514,14;0,0;260;0,0;0,0;0,0;2507,05;27,0;-2480,05;2024-M05;24293,0
ECOVIAS RIO MINAS;2024,0;6;722,46;0,0;269;0,0;0,0;0,0;3229,51;27,0;-3202,51;2024-M06;24294,0
ECOVIAS RIO MINAS;2024,0;7;1066,93;0,0;284;0,0;0,0;0,0;4296,4400000000005;27,0;-4269,4400000000005;2024-M07;24295,0
ECOVIAS RIO MINAS;2024,0;8;1467,06;0,0;286;0,0;0,0;0,0;5763,5;27,0;-5736,5;2024-M08;24296,0
ECOVIAS RIO MINAS;2024,0;9;1747,32;0,0;286;0,0;0,0;0,0;7510,82;27,0;-7483,82;2024-M09;24297,0
ECOVIAS RIO MINAS;2024,0;10;1845,96;0,0;290;0,0;0,0;0,0;9356,78;27,0;-9329,78;2024-M10;24298,0
ECOVIAS RIO MINAS;2024,0;11;1776,03;0,0;290;0,0;0,0;0,0;11132,81;27,0;-11105,81;2024-M11;24299,0
ECOVIAS RIO MINAS;2024,0;12;1354,84;3233,78;290;49,0;238,68353458710993;16,896551724137932;12487,65;3260,78;-9226,869999999999;2024-M12;24300,0
ELOVIAS;2025,0;1;550,0;559,25;7;7,0;101,68181818181819;100,0;550,0;559,25;9,25;2025-M01;24301,0
ELOVIAS;2025,0;2;0,0;4,75;0;0,0;;;550,0;564,0;14,0;2025-M02;24302,0
ELOVIAS;2025,0;3;0,0;2,25;0;0,0;;;550,0;566,25;16,25;2025-M03;24303,0
ELOVIAS;2025,0;4;0,0;1,0;0;0,0;;;550,0;567,25;17,25;2025-M04;24304,0
ELOVIAS;2025,0;5;2,33;4,63;1;1,0;198,71244635193133;100,0;552,33;571,88;19,549999999999955;2025-M05;24305,0
ELOVIAS;2025,0;6;55,33;5,63;2;0,0;10,175311765769022;0,0;607,66;577,51;-30,149999999999977;2025-M06;24306,0
ELOVIAS;2025,0;7;3,0;27,92;1;1,0;930,6666666666666;100,0;610,66;605,43;-5,230000000000018;2025-M07;24307,0
ELOVIAS;2025,0;8;18,990000000000002;81,33;4;3,0;428,2780410742496;75,0;629,65;686,76;57,110000000000014;2025-M08;24308,0
ELOVIAS;2025,0;9;80,0;13,39;4;1,0;16,7375;25,0;709,65;700,15;-9,5;2025-M09;24309,0
EPR IGUAÇU;2025,0;1;700,0;1350,0;8;8,0;192,85714285714286;100,0;700,0;1350,0;650,0;2025-M01;24301,0
EPR IGUAÇU;2025,0;2;0,0;0,0;0;0,0;;;700,0;1350,0;650,0;2025-M02;24302,0
EPR IGUAÇU;2025,0;3;0,0;12,5;0;0,0;;;700,0;1362,5;662,5;2025-M03;24303,0
EPR IGUAÇU;2025,0;4;0,0;100,0;0;0,0;;;700,0;1462,5;762,5;2025-M04;24304,0
EPR IGUAÇU;2025,0;5;0,0;29,72;0;0,0;;;700,0;1492,22;792,22;2025-M05;24305,0
EPR IGUAÇU;2025,0;6;233,0;425,3;3;3,0;182,53218884120173;100,0;933,0;1917,52;984,52;2025-M06;24306,0
EPR IGUAÇU;2025,0;7;120,0;291,75;12;6,0;243,125;50,0;1053,0;2209,27;1156,27;2025-M07;24307,0
EPR IGUAÇU;2025,0;8;240,0;190,74;12;5,0;79,47500000000001;41,66666666666667;1293,0;2400,01;1107,0100000000002;2025-M08;24308,0
EPR IGUAÇU;2025,0;9;240,0;50,0;12;0,0;20,833333333333336;0,0;1533,0;2450,01;917,0100000000002;2025-M09;24309,0
EPR VIA MINEIRA;2024,0;1;883,33;900,0;9;9,0;101,88717693274315;100,0;883,33;900,0;16,66999999999996;2024-M01;24289,0
EPR VIA MINEIRA;2024,0;2;0,0;0,0;0;0,0;;;883,33;900,0;16,66999999999996;2024-M02;24290,0
EPR VIA MINEIRA;2024,0;3;0,0;0,0;0;0,0;;;883,33;900,0;16,66999999999996;2024-M03;24291,0
EPR VIA MINEIRA;2024,0;4;0,0;0,0;0;0,0;;;883,33;900,0;16,66999999999996;2024-M04;24292,0
EPR VIA MINEIRA;2024,0;5;0,0;0,0;0;0,0;;;883,33;900,0;16,66999999999996;2024-M05;24293,0
EPR VIA MINEIRA;2024,0;6;300,0;300,0;3;3,0;100,0;100,0;1183,33;1200,0;16,670000000000073;2024-M06;24294,0
EPR VIA MINEIRA;2024,0;7;0,0;0,0;0;0,0;;;1183,33;1200,0;16,670000000000073;2024-M07;24295,0
EPR VIA MINEIRA;2024,0;8;0,0;0,0;0;0,0;;;1183,33;1200,0;16,670000000000073;2024-M08;24296,0
EPR VIA MINEIRA;2024,0;9;0,0;0,0;0;0,0;;;1183,33;1200,0;16,670000000000073;2024-M09;24297,0
EPR VIA MINEIRA;2024,0;10;0,0;0,0;0;0,0;;;1183,33;1200,0;16,670000000000073;2024-M10;24298,0
EPR VIA MINEIRA;2024,0;11;0,0;0,0;0;0,0;;;1183,33;1200,0;16,670000000000073;2024-M11;24299,0
EPR VIA MINEIRA;2024,0;12;325,0;400,0;4;4,0;123,07692307692308;100,0;1508,33;1600,0;91,67000000000007;2024-M12;24300,0
EPR VIA MINEIRA;2025,0;1;0,0;0,0;0;0,0;;;0,0;0,0;0,0;2025-M01;24301,0
EPR VIA MINEIRA;2025,0;2;0,0;0,0;0;0,0;;;0,0;0,0;0,0;2025-M02;24302,0
EPR VIA MINEIRA;2025,0;3;0,0;0,0;0;0,0;;;0,0;0,0;0,0;2025-M03;24303,0
EPR VIA MINEIRA;2025,0;4;0,0;0,0;0;0,0;;;0,0;0,0;0,0;2025-M04;24304,0
EPR VIA MINEIRA;2025,0;5;0,0;0,0;0;0,0;;;0,0;0,0;0,0;2025-M05;24305,0
EPR VIA MINEIRA;2025,0;6;3,0;38,98;2;2,0;1299,3333333333333;100,0;3,0;38,98;35,98;2025-M06;24306,0
EPR VIA MINEIRA;2025,0;7;29,0;76,75;6;3,0;264,6551724137931;50,0;32,0;115,72999999999999;83,72999999999999;2025-M07;24307,0
EPR VIA MINEIRA;2025,0;8;50,5;38,4;6;3,0;76,03960396039604;50,0;82,5;154,13;71,63;2025-M08;24308,0
EPR VIA MINEIRA;2025,0;9;78,25;58,989999999999995;6;2,0;75,38658146964855;33,33333333333333;160,75;213,11999999999998;52,369999999999976;2025-M09;24309,0
EPR VIA MINEIRA;2025,0;10;132,75;51,839999999999996;6;1,0;39,050847457627114;16,666666666666664;293,5;264,96;-28,54000000000002;2025-M10;24310,0
EPR VIA MINEIRA;2025,0;11;135,25;74,19;6;0,0;54,853974121996295;0,0;428,75;339,15;-89,60000000000002;2025-M11;24311,0
EPR VIA MINEIRA;2025,0;12;271,25;200,0;6;1,0;73,73271889400922;16,666666666666664;700,0;539,15;-160,85000000000002;2025-M12;24312,0
LITORAL PIONEIRO;2024,0;1;0,0;0,0;0;0,0;;;0,0;0,0;0,0;2024-M01;24289,0
LITORAL PIONEIRO;2024,0;2;0,0;0,0;0;0,0;;;0,0;0,0;0,0;2024-M02;24290,0
LITORAL PIONEIRO;2024,0;3;0,0;0,0;0;0,0;;;0,0;0,0;0,0;2024-M03;24291,0
LITORAL PIONEIRO;2024,0;4;0,0;0,0;0;0,0;;;0,0;0,0;0,0;2024-M04;24292,0
LITORAL PIONEIRO;2024,0;5;0,0;0,0;0;0,0;;;0,0;0,0;0,0;2024-M05;24293,0
LITORAL PIONEIRO;2024,0;6;0,0;0,0;0;0,0;;;0,0;0,0;0,0;2024-M06;24294,0
LITORAL PIONEIRO;2024,0;7;0,0;0,0;0;0,0;;;0,0;0,0;0,0;2024-M07;24295,0
LITORAL PIONEIRO;2024,0;8;0,0;0,0;0;0,0;;;0,0;0,0;0,0;2024-M08;24296,0
LITORAL PIONEIRO;2024,0;9;0,0;0,0;0;0,0;;;0,0;0,0;0,0;2024-M09;24297,0
LITORAL PIONEIRO;2024,0;10;0,0;0,0;0;0,0;;;0,0;0,0;0,0;2024-M10;24298,0
LITORAL PIONEIRO;2024,0;11;0,0;0,0;0;0,0;;;0,0;0,0;0,0;2024-M11;24299,0
LITORAL PIONEIRO;2024,0;12;2650,0;2367,2;28;21,0;89,32830188679245;75,0;2650,0;2367,2;-282,8000000000002;2024-M12;24300,0
LITORAL PIONEIRO;2025,0;1;0,0;0,0;0;0,0;;;0,0;0,0;0,0;2025-M01;24301,0
LITORAL PIONEIRO;2025,0;2;0,0;0,0;0;0,0;;;0,0;0,0;0,0;2025-M02;24302,0
LITORAL PIONEIRO;2025,0;3;0,0;0,0;0;0,0;;;0,0;0,0;0,0;2025-M03;24303,0
LITORAL PIONEIRO;2025,0;4;0,0;0,0;0;0,0;;;0,0;0,0;0,0;2025-M04;24304,0
LITORAL PIONEIRO;2025,0;5;0,0;0,0;0;0,0;;;0,0;0,0;0,0;2025-M05;24305,0
LITORAL PIONEIRO;2025,0;6;0,0;0,0;0;0,0;;;0,0;0,0;0,0;2025-M06;24306,0
LITORAL PIONEIRO;2025,0;7;4,62;4,62;1;1,0;100,0;100,0;4,62;4,62;0,0;2025-M07;24307,0
LITORAL PIONEIRO;2025,0;8;63,8;96,92;9;8,0;151,91222570532915;88,88888888888889;68,42;101,54;33,120000000000005;2025-M08;24308,0
LITORAL PIONEIRO;2025,0;9;92,45;262,41;11;10,0;283,8399134667388;90,9090909090909;160,87;363,95000000000005;203,08000000000004;2025-M09;24309,0
LITORAL PIONEIRO;2025,0;10;118,03999999999999;228,10000000000002;11;8,0;193,2395798034565;72,72727272727273;278,90999999999997;592,0500000000001;313,1400000000001;2025-M10;24310,0
LITORAL PIONEIRO;2025,0;11;491,64;132,34;12;1,0;26,918070132617363;8,333333333333332;770,55;724,3900000000001;-46,159999999999854;2025-M11;24311,0
LITORAL PIONEIRO;2025,0;12;629,45;619,36;14;8,0;98,39701326554928;57,14285714285714;1400,0;1343,75;-56,25;2025-M12;24312,0
LITORAL PIONEIRO;2026,0;1;146,5;364,31;16;16,0;248,67576791808875;100,0;146,5;364,31;217,81;2026-M01;24313,0
LITORAL PIONEIRO;2026,0;2;23,57;158,37;16;13,0;671,9134492999576;81,25;170,07;522,6800000000001;352,61000000000007;2026-M02;24314,0
LITORAL PIONEIRO;2026,0;3;69,53;109,73;20;12,0;157,8167697396807;60,0;239,6;632,41;392,80999999999995;2026-M03;24315,0
LITORAL PIONEIRO;2026,0;4;93,66;154,52;23;8,0;164,97971385863764;34,78260869565217;333,26;786,9300000000001;453,6700000000001;2026-M04;24316,0
LITORAL PIONEIRO;2026,0;5;151,17000000000002;95,2;25;7,0;62,97545809353707;28,000000000000004;484,43;882,13;397,7;2026-M05;24317,0
MOTIVA PARANÁ;2025,0;1;400,0;500,0;4;4,0;125,0;100,0;400,0;500,0;100,0;2025-M01;24301,0
MOTIVA PARANÁ;2025,0;2;0,0;0,0;0;0,0;;;400,0;500,0;100,0;2025-M02;24302,0
MOTIVA PARANÁ;2025,0;3;0,0;0,0;0;0,0;;;400,0;500,0;100,0;2025-M03;24303,0
MOTIVA PARANÁ;2025,0;4;0,0;0,0;0;0,0;;;400,0;500,0;100,0;2025-M04;24304,0
MOTIVA PARANÁ;2025,0;5;0,0;0,0;0;0,0;;;400,0;500,0;100,0;2025-M05;24305,0
MOTIVA PARANÁ;2025,0;6;223,0;232,79000000000002;5;5,0;104,39013452914799;100,0;623,0;732,79;109,78999999999996;2025-M06;24306,0
MOTIVA PARANÁ;2025,0;7;25,1;87,71;10;8,0;349,4422310756972;80,0;648,1;820,5;172,39999999999998;2025-M07;24307,0
MOTIVA PARANÁ;2025,0;8;100,96000000000001;207,68;15;13,0;205,7052297939778;86,66666666666667;749,06;1028,18;279,1200000000001;2025-M08;24308,0
MOTIVA PARANÁ;2025,0;9;217,62;240,31;15;9,0;110,42643139417332;60,0;966,6800000000001;1268,49;301,80999999999995;2025-M09;24309,0
MOTIVA PARANÁ;2025,0;10;303,11;555,18;15;15,0;183,161228596879;100,0;1269,79;1823,67;553,8800000000001;2025-M10;24310,0
MOTIVA PARANÁ;2025,0;11;376,36;204,20000000000002;15;4,0;54,25656286534169;26,666666666666668;1646,15;2027,87;381,7199999999998;2025-M11;24311,0
MOTIVA PARANÁ;2025,0;12;709,85;151,37;19;3,0;21,32422342748468;15,789473684210526;2356,0;2179,24;-176,76000000000022;2025-M12;24312,0
NOVA 364;2025,0;1;0,0;268,0;0;0,0;;;0,0;268,0;268,0;2025-M01;24301,0
NOVA 364;2025,0;2;0,0;504,0;0;0,0;;;0,0;772,0;772,0;2025-M02;24302,0
NOVA 364;2025,0;3;0,0;718,0;0;0,0;;;0,0;1490,0;1490,0;2025-M03;24303,0
NOVA 364;2025,0;4;0,0;750,0;0;0,0;;;0,0;2240,0;2240,0;2025-M04;24304,0
NOVA 364;2025,0;5;0,0;560,0;0;0,0;;;0,0;2800,0;2800,0;2025-M05;24305,0
NOVA 381;2025,0;1;0,0;0,0;0;0,0;;;0,0;0,0;0,0;2025-M01;24301,0
NOVA 381;2025,0;2;85,0;85,0;4;4,0;100,0;100,0;85,0;85,0;0,0;2025-M02;24302,0
NOVA 381;2025,0;3;240,0;240,0;12;12,0;100,0;100,0;325,0;325,0;0,0;2025-M03;24303,0
NOVA 381;2025,0;4;280,0;280,0;12;12,0;100,0;100,0;605,0;605,0;0,0;2025-M04;24304,0
NOVA 381;2025,0;5;403,0;403,0;15;15,0;100,0;100,0;1008,0;1008,0;0,0;2025-M05;24305,0
NOVA 381;2025,0;6;495,0;495,04;17;17,0;100,00808080808082;100,0;1503,0;1503,04;0,03999999999996362;2025-M06;24306,0
NOVA 381;2025,0;7;147,0;147,0;8;8,0;100,0;100,0;1650,0;1650,04;0,03999999999996362;2025-M07;24307,0
NOVA 381;2025,0;8;55,0;55,0;4;4,0;100,0;100,0;1705,0;1705,04;0,03999999999996362;2025-M08;24308,0
NOVA 381;2025,0;9;0,0;0,0;0;0,0;;;1705,0;1705,04;0,03999999999996362;2025-M09;24309,0
NOVA 381;2025,0;10;0,0;0,0;0;0,0;;;1705,0;1705,04;0,03999999999996362;2025-M10;24310,0
NOVA 381;2025,0;11;0,0;0,0;0;0,0;;;1705,0;1705,04;0,03999999999996362;2025-M11;24311,0
NOVA 381;2025,0;12;0,0;0,0;0;0,0;;;1705,0;1705,04;0,03999999999996362;2025-M12;24312,0
NOVA 381;2026,0;1;0,0;100,0;0;0,0;;;0,0;100,0;100,0;2026-M01;24313,0
NOVA 381;2026,0;2;0,0;0,0;0;0,0;;;0,0;100,0;100,0;2026-M02;24314,0
NOVA 381;2026,0;3;177,0;0,0;5;0,0;0,0;0,0;177,0;100,0;-77,0;2026-M03;24315,0
NOVA 381;2026,0;4;120,9;74,9;8;3,0;61,95202646815551;37,5;297,9;174,9;-122,99999999999997;2026-M04;24316,0
NOVA 381;2026,0;5;157,35;138,95;8;4,0;88,30632348268192;50,0;455,25;313,85;-141,39999999999998;2026-M05;24317,0
NOVA 381;2026,0;6;191,95;137,15;10;2,0;71,45089867152905;20,0;647,2;451,0;-196,20000000000005;2026-M06;24318,0
NOVA 381;2026,0;7;133,65;90,66;8;1,0;67,83389450056117;12,5;780,85;541,66;-239,19000000000005;2026-M07;24319,0
PANTANAL;2025,0;1;24,36;80,89;17;8,0;332,06075533661743;47,05882352941176;24,36;80,89;56,53;2025-M01;24301,0
PANTANAL;2025,0;2;35,84;69,15;17;8,0;192,94084821428572;47,05882352941176;60,2;150,04000000000002;89,84000000000002;2025-M02;24302,0
PANTANAL;2025,0;3;59,38;181,82;17;15,0;306,19737285281235;88,23529411764706;119,58000000000001;331,86;212,28;2025-M03;24303,0
PANTANAL;2025,0;4;70,22;90,28;17;8,0;128,5673597265736;47,05882352941176;189,8;422,14;232,33999999999997;2025-M04;24304,0
PANTANAL;2025,0;5;54,62;78,36;17;7,0;143,46393262541196;41,17647058823529;244,42000000000002;500,5;256,08;2025-M05;24305,0
PANTANAL;2025,0;6;57,4;128,51;17;7,0;223,88501742160275;41,17647058823529;301,82;629,01;327,19;2025-M06;24306,0
PANTANAL;2025,0;7;204,66;192,01;39;16,0;93,81901690608815;41,02564102564102;506,48;821,02;314,53999999999996;2025-M07;24307,0
PANTANAL;2025,0;8;302,96;385,6;39;15,0;127,2775283865857;38,46153846153847;809,44;1206,62;397,17999999999984;2025-M08;24308,0
PANTANAL;2025,0;9;498,36;328,88;39;8,0;65,9924552532306;20,51282051282051;1307,8;1535,5;227,70000000000005;2025-M09;24309,0
PANTANAL;2025,0;10;747,18;12,43;39;0,0;1,6635884258143954;0,0;2054,98;1547,93;-507,04999999999995;2025-M10;24310,0
PANTANAL;2025,0;11;747,18;19,27;39;0,0;2,5790304879680934;0,0;2802,16;1567,2;-1234,9599999999998;2025-M11;24311,0
RIOSP;2024,0;1;760,15;667,81;52;24,0;87,85239755311451;46,15384615384615;760,15;667,81;-92,34000000000003;2024-M01;24289,0
RIOSP;2024,0;2;600,05;551,84;68;37,0;91,96566952753939;54,41176470588235;1360,1999999999998;1219,65;-140,54999999999973;2024-M02;24290,0
RIOSP;2024,0;3;439,55;461,93;54;27,0;105,09157092480945;50,0;1799,75;1681,58;-118,17000000000007;2024-M03;24291,0
RIOSP;2024,0;4;491,18;407,02;56;22,0;82,86575186286086;39,285714285714285;2290,93;2088,6;-202,32999999999993;2024-M04;24292,0
RIOSP;2024,0;5;793,2;542,65;80;28,0;68,41275844679777;35,0;3084,13;2631,25;-452,8800000000001;2024-M05;24293,0
RIOSP;2024,0;6;767,37;531,3000000000001;87;33,0;69,23648305250401;37,93103448275862;3851,5;3162,55;-688,9499999999998;2024-M06;24294,0
RIOSP;2024,0;7;769,89;842,3;86;32,0;109,4052397095689;37,2093023255814;4621,39;4004,85;-616,5400000000004;2024-M07;24295,0
RIOSP;2024,0;8;698,66;655,49;83;40,0;93,82102882661094;48,19277108433735;5320,05;4660,34;-659,71;2024-M08;24296,0
RIOSP;2024,0;9;634,16;412,17;92;19,0;64,99463857701528;20,652173913043477;5954,21;5072,51;-881,6999999999998;2024-M09;24297,0
RIOSP;2024,0;10;1433,0;924,45;106;24,0;64,51151430565248;22,641509433962266;7387,21;5996,96;-1390,25;2024-M10;24298,0
RIOSP;2024,0;11;2506,43;5262,34;118;30,0;209,95359934249112;25,423728813559322;9893,64;11259,3;1365,6599999999999;2024-M11;24299,0
RIOSP;2024,0;12;6308,9;3492,0699999999997;145;39,0;55,35148758103631;26,89655172413793;16202,539999999999;14751,369999999999;-1451,17;2024-M12;24300,0
RIOSP;2025,0;1;0,0;0,0;0;0,0;;;0,0;0,0;0,0;2025-M01;24301,0
RIOSP;2025,0;2;0,71;0,0;1;0,0;0,0;0,0;0,71;0,0;-0,71;2025-M02;24302,0
RIOSP;2025,0;3;0,73;5,0;1;1,0;684,931506849315;100,0;1,44;5,0;3,56;2025-M03;24303,0
RIOSP;2025,0;4;1,05;0,0;1;0,0;0,0;0,0;2,49;5,0;2,51;2025-M04;24304,0
RIOSP;2025,0;5;1,09;3,01;1;1,0;276,14678899082566;100,0;3,58;8,01;4,43;2025-M05;24305,0
RIOSP;2025,0;6;1,57;5,16;1;1,0;328,66242038216564;100,0;5,15;13,17;8,02;2025-M06;24306,0
RIOSP;2025,0;7;1,77;1,84;1;1,0;103,954802259887;100,0;6,92;15,01;8,09;2025-M07;24307,0
RIOSP;2025,0;8;2,45;0,62;1;0,0;25,30612244897959;0,0;9,370000000000001;15,63;6,26;2025-M08;24308,0
ROTA VERDE GOIÁS;2025,0;1;2,45;0,0;1;0,0;0,0;0,0;2,45;0,0;-2,45;2025-M01;24301,0
ROTA VERDE GOIÁS;2025,0;2;31,58;0,0;7;0,0;0,0;0,0;34,03;0,0;-34,03;2025-M02;24302,0
ROTA VERDE GOIÁS;2025,0;3;136,35;0,0;10;0,0;0,0;0,0;170,38;0,0;-170,38;2025-M03;24303,0
ROTA VERDE GOIÁS;2025,0;4;108,69;0,0;10;0,0;0,0;0,0;279,07;0,0;-279,07;2025-M04;24304,0
ROTA VERDE GOIÁS;2025,0;5;175,13;0,0;10;0,0;0,0;0,0;454,2;0,0;-454,2;2025-M05;24305,0
ROTA VERDE GOIÁS;2025,0;6;279,19;330,0;13;4,0;118,1990758981339;30,76923076923077;733,39;330,0;-403,39;2025-M06;24306,0
ROTA VERDE GOIÁS;2025,0;7;324,63;100,0;21;1,0;30,804300280319136;4,761904761904762;1058,02;430,0;-628,02;2025-M07;24307,0
ROTA VERDE GOIÁS;2025,0;8;549,48;0,0;20;0,0;0,0;0,0;1607,5;430,0;-1177,5;2025-M08;24308,0
ROTA VERDE GOIÁS;2025,0;9;583,54;0,0;20;0,0;0,0;0,0;2191,04;430,0;-1761,04;2025-M09;24309,0
ROTA VERDE GOIÁS;2025,0;10;238,96;610,94;12;3,0;255,6662202879143;25,0;2430,0;1040,94;-1389,06;2025-M10;24310,0
ROTA VERDE GOIÁS;2025,0;11;0,0;1000,11;0;0,0;;;2430,0;2041,0500000000002;-388,9499999999998;2025-M11;24311,0
ROTA VERDE GOIÁS;2025,0;12;0,0;393,45;0;0,0;;;2430,0;2434,5;4,5;2025-M12;24312,0
VIA ARAUCÁRIA;2024,0;1;0,0;0,0;0;0,0;;;0,0;0,0;0,0;2024-M01;24289,0
VIA ARAUCÁRIA;2024,0;2;500,0;500,0;5;5,0;100,0;100,0;500,0;500,0;0,0;2024-M02;24290,0
VIA ARAUCÁRIA;2024,0;3;0,0;0,0;0;0,0;;;500,0;500,0;0,0;2024-M03;24291,0
VIA ARAUCÁRIA;2024,0;4;100,0;100,0;1;1,0;100,0;100,0;600,0;600,0;0,0;2024-M04;24292,0
VIA ARAUCÁRIA;2024,0;5;400,0;400,0;4;4,0;100,0;100,0;1000,0;1000,0;0,0;2024-M05;24293,0
VIA ARAUCÁRIA;2024,0;6;0,0;0,0;0;0,0;;;1000,0;1000,0;0,0;2024-M06;24294,0
VIA ARAUCÁRIA;2024,0;7;0,0;0,0;0;0,0;;;1000,0;1000,0;0,0;2024-M07;24295,0
VIA ARAUCÁRIA;2024,0;8;0,0;0,0;0;0,0;;;1000,0;1000,0;0,0;2024-M08;24296,0
VIA ARAUCÁRIA;2024,0;9;0,0;0,0;0;0,0;;;1000,0;1000,0;0,0;2024-M09;24297,0
VIA ARAUCÁRIA;2024,0;10;0,0;0,0;0;0,0;;;1000,0;1000,0;0,0;2024-M10;24298,0
VIA ARAUCÁRIA;2024,0;11;0,0;0,67;0;0,0;;;1000,0;1000,67;0,6699999999999591;2024-M11;24299,0
VIA ARAUCÁRIA;2024,0;12;900,0;887,67;9;8,0;98,63;88,88888888888889;1900,0;1888,34;-11,660000000000082;2024-M12;24300,0
VIA ARAUCÁRIA;2025,0;1;0,0;9,2;0;0,0;;;0,0;9,2;9,2;2025-M01;24301,0
VIA ARAUCÁRIA;2025,0;2;0,0;55,900000000000006;0;0,0;;;0,0;65,10000000000001;65,10000000000001;2025-M02;24302,0
VIA ARAUCÁRIA;2025,0;3;1,93;43,53;4;1,0;2255,4404145077724;25,0;1,93;108,63000000000001;106,7;2025-M03;24303,0
VIA ARAUCÁRIA;2025,0;4;7,55;23,41;11;3,0;310,0662251655629;27,27272727272727;9,48;132,04000000000002;122,56000000000002;2025-M04;24304,0
VIA ARAUCÁRIA;2025,0;5;18,84;56,97;13;5,0;302,38853503184714;38,46153846153847;28,32;189,01;160,69;2025-M05;24305,0
VIA ARAUCÁRIA;2025,0;6;22,9;2,17;13;0,0;9,475982532751091;0,0;51,22;191,18;139,96;2025-M06;24306,0
VIA ARAUCÁRIA;2025,0;7;32,76;25,54;13;3,0;77,96092796092796;23,076923076923077;83,97999999999999;216,72;132,74;2025-M07;24307,0
VIA ARAUCÁRIA;2025,0;8;44,33;68,43;13;4,0;154,36498984886086;30,76923076923077;128,31;285,15;156,83999999999997;2025-M08;24308,0
VIA ARAUCÁRIA;2025,0;9;73,63;93,97;13;4,0;127,62460953415729;30,76923076923077;201,94;379,12;177,18;2025-M09;24309,0
VIA ARAUCÁRIA;2025,0;10;87,13;45,43;13;1,0;52,140479742912895;7,6923076923076925;289,07;424,55;135,48000000000002;2025-M10;24310,0
VIA ARAUCÁRIA;2025,0;11;72,69;41,2;12;3,0;56,679048012106215;25,0;361,76;465,75;103,99000000000001;2025-M11;24311,0
VIA ARAUCÁRIA;2025,0;12;98,01;114,12;12;4,0;116,43709825528008;33,33333333333333;459,77;579,87;120,10000000000002;2025-M12;24312,0
VIA COSTEIRA;2023,0;1;0,0;0,0;0;0,0;;;0,0;0,0;0,0;2023-M01;24277,0
VIA COSTEIRA;2023,0;2;0,0;0,0;0;0,0;;;0,0;0,0;0,0;2023-M02;24278,0
VIA COSTEIRA;2023,0;3;0,0;0,0;0;0,0;;;0,0;0,0;0,0;2023-M03;24279,0
VIA COSTEIRA;2023,0;4;0,0;5,27;0;0,0;;;0,0;5,27;5,27;2023-M04;24280,0
VIA COSTEIRA;2023,0;5;0,0;0,45;0;0,0;;;0,0;5,72;5,72;2023-M05;24281,0
VIA COSTEIRA;2023,0;6;30,0;12,83;12;1,0;42,76666666666667;8,333333333333332;30,0;18,55;-11,45;2023-M06;24282,0
VIA COSTEIRA;2023,0;7;30,0;18,71;12;1,0;62,36666666666667;8,333333333333332;60,0;37,260000000000005;-22,739999999999995;2023-M07;24283,0
VIA COSTEIRA;2023,0;8;60,0;495,96;12;7,0;826,6;58,333333333333336;120,0;533,22;413,22;2023-M08;24284,0
VIA COSTEIRA;2023,0;9;120,0;36,8;12;2,0;30,666666666666664;16,666666666666664;240,0;570,02;330,02;2023-M09;24285,0
VIA COSTEIRA;2023,0;10;180,0;49,38;12;2,0;27,433333333333337;16,666666666666664;420,0;619,4;199,39999999999998;2023-M10;24286,0
VIA COSTEIRA;2023,0;11;300,0;84,39;12;2,0;28,13;16,666666666666664;720,0;703,79;-16,210000000000036;2023-M11;24287,0
VIA COSTEIRA;2023,0;12;480,0;459,62;12;4,0;95,75416666666666;33,33333333333333;1200,0;1163,4099999999999;-36,590000000000146;2023-M12;24288,0
VIA COSTEIRA;2024,0;1;411,12;628,0;18;2,0;152,7534539793734;11,11111111111111;411,12;628,0;216,88;2024-M01;24289,0
VIA COSTEIRA;2024,0;2;221,05;60,0;15;1,0;27,143180275955665;6,666666666666667;632,1700000000001;688,0;55,82999999999993;2024-M02;24290,0
VIA COSTEIRA;2024,0;3;281,21;88,0;14;1,0;31,293339497172934;7,142857142857142;913,38;776,0;-137,38;2024-M03;24291,0
VIA COSTEIRA;2024,0;4;258,0;100,0;12;1,0;38,759689922480625;8,333333333333332;1171,38;876,0;-295,3800000000001;2024-M04;24292,0
VIA COSTEIRA;2024,0;5;189,12;100,0;13;1,0;52,87648054145516;7,6923076923076925;1360,5;976,0;-384,5;2024-M05;24293,0
VIA COSTEIRA;2024,0;6;107,5;0,0;10;0,0;0,0;0,0;1468,0;976,0;-492,0;2024-M06;24294,0
VIA COSTEIRA;2024,0;7;155,5;190,0;6;0,0;122,18649517684888;0,0;1623,5;1166,0;-457,5;2024-M07;24295,0
VIA COSTEIRA;2024,0;8;105,0;100,0;5;0,0;95,23809523809523;0,0;1728,5;1266,0;-462,5;2024-M08;24296,0
VIA COSTEIRA;2024,0;9;190,0;125,39;6;1,0;65,99473684210525;16,666666666666664;1918,5;1391,39;-527,1099999999999;2024-M09;24297,0
VIA COSTEIRA;2024,0;10;85,0;240,5;6;2,0;282,94117647058823;33,33333333333333;2003,5;1631,8899999999999;-371,6100000000001;2024-M10;24298,0
VIA COSTEIRA;2024,0;11;25,0;400,0;1;0,0;1600,0;0,0;2028,5;2031,8899999999999;3,3899999999998727;2024-M11;24299,0
VIA COSTEIRA;2024,0;12;540,0;589,65;6;1,0;109,19444444444444;16,666666666666664;2568,5;2621,54;53,039999999999964;2024-M12;24300,0
VIA CRISTAIS;2025,0;1;75,0;1649,99;1;1,0;2199,9866666666667;100,0;75,0;1649,99;1574,99;2025-M01;24301,0
VIA CRISTAIS;2025,0;2;0,0;90,0;0;0,0;;;75,0;1739,99;1664,99;2025-M02;24302,0
VIA CRISTAIS;2025,0;3;0,0;176,2;0;0,0;;;75,0;1916,19;1841,19;2025-M03;24303,0
VIA CRISTAIS;2025,0;4;210,0;182,01;21;12,0;86,67142857142856;57,14285714285714;285,0;2098,2;1813,1999999999998;2025-M04;24304,0
VIA CRISTAIS;2025,0;5;272,0;129,01;22;1,0;47,43014705882352;4,545454545454546;557,0;2227,21;1670,21;2025-M05;24305,0
VIA CRISTAIS;2025,0;6;474,0;203,91;23;0,0;43,01898734177215;0,0;1031,0;2431,12;1400,12;2025-M06;24306,0
VIA CRISTAIS;2025,0;7;394,0;143,8;22;1,0;36,49746192893401;4,545454545454546;1425,0;2574,92;1149,92;2025-M07;24307,0
VIA CRISTAIS;2025,0;8;317,0;0,11;22;0,0;0,03470031545741325;0,0;1742,0;2575,03;833,0300000000002;2025-M08;24308,0
VIA CRISTAIS;2025,0;9;275,0;0,0;22;0,0;0,0;0,0;2017,0;2575,03;558,0300000000002;2025-M09;24309,0
VIA CRISTAIS;2025,0;10;233,0;25,0;22;0,0;10,72961373390558;0,0;2250,0;2600,03;350,0300000000002;2025-M10;24310,0
VIA CRISTAIS;2025,0;11;212,0;0,0;22;0,0;0,0;0,0;2462,0;2600,03;138,0300000000002;2025-M11;24311,0
VIA CRISTAIS;2025,0;12;238,0;1,34;24;0,0;0,5630252100840336;0,0;2700,0;2601,37;-98,63000000000011;2025-M12;24312,0
VIA CRISTAIS;2026,0;1;0,0;0,0;0;0,0;;;0,0;0,0;0,0;2026-M01;24313,0
VIA CRISTAIS;2026,0;2;4,0;0,0;2;0,0;0,0;0,0;4,0;0,0;-4,0;2026-M02;24314,0
VIA CRISTAIS;2026,0;3;8,0;0,0;2;0,0;0,0;0,0;12,0;0,0;-12,0;2026-M03;24315,0
VIA CRISTAIS;2026,0;4;16,0;16,0;3;1,0;100,0;33,33333333333333;28,0;16,0;-12,0;2026-M04;24316,0
VIA CRISTAIS;2026,0;5;24,0;16,13;3;1,0;67,20833333333333;33,33333333333333;52,0;32,129999999999995;-19,870000000000005;2026-M05;24317,0
VIA CRISTAIS;2026,0;6;43,0;27,73;4;1,0;64,48837209302326;25,0;95,0;59,86;-35,14;2026-M06;24318,0
VIA SUL;2024,0;1;0,0;0,0;0;0,0;;;0,0;0,0;0,0;2024-M01;24289,0
VIA SUL;2024,0;2;0,0;0,0;0;0,0;;;0,0;0,0;0,0;2024-M02;24290,0
VIA SUL;2024,0;3;0,0;0,0;0;0,0;;;0,0;0,0;0,0;2024-M03;24291,0
VIA SUL;2024,0;4;0,0;0,0;0;0,0;;;0,0;0,0;0,0;2024-M04;24292,0
VIA SUL;2024,0;5;5,0;0,0;1;0,0;0,0;0,0;5,0;0,0;-5,0;2024-M05;24293,0
VIA SUL;2024,0;6;5,0;0,0;1;0,0;0,0;0,0;10,0;0,0;-10,0;2024-M06;24294,0
VIA SUL;2024,0;7;10,0;0,0;1;0,0;0,0;0,0;20,0;0,0;-20,0;2024-M07;24295,0
VIA SUL;2024,0;8;10,0;0,0;1;0,0;0,0;0,0;30,0;0,0;-30,0;2024-M08;24296,0
VIA SUL;2024,0;9;10,0;0,0;1;0,0;0,0;0,0;40,0;0,0;-40,0;2024-M09;24297,0
VIA SUL;2024,0;10;10,0;0,0;1;0,0;0,0;0,0;50,0;0,0;-50,0;2024-M10;24298,0
VIA SUL;2024,0;11;20,0;0,0;1;0,0;0,0;0,0;70,0;0,0;-70,0;2024-M11;24299,0
VIA SUL;2024,0;12;30,0;0,0;1;0,0;0,0;0,0;100,0;0,0;-100,0;2024-M12;24300,0
VIA SUL;2025,0;1;180,5;24,58;41;6,0;13,617728531855954;14,634146341463413;180,5;24,58;-155,92000000000002;2025-M01;24301,0
VIA SUL;2025,0;2;218,25;14,64;41;3,0;6,707903780068729;7,317073170731707;398,75;39,22;-359,53;2025-M02;24302,0
VIA SUL;2025,0;3;277,32;34,96;45;3,0;12,606375306505122;6,666666666666667;676,0699999999999;74,18;-601,8899999999999;2025-M03;24303,0
VIA SUL;2025,0;4;366,22;108,86;49;8,0;29,72530173119982;16,3265306122449;1042,29;183,04;-859,25;2025-M04;24304,0
VIA SUL;2025,0;5;465,98;61,46;68;3,0;13,189407270698315;4,411764705882353;1508,27;244,5;-1263,77;2025-M05;24305,0
VIA SUL;2025,0;6;444,06;111,63;68;5,0;25,13849479800027;7,352941176470589;1952,33;356,13;-1596,1999999999998;2025-M06;24306,0
VIA SUL;2025,0;7;457,92;68,09;67;2,0;14,869409503843467;2,9850746268656714;2410,25;424,22;-1986,03;2025-M07;24307,0
VIA SUL;2025,0;8;456,2;103,18;68;3,0;22,61727312582201;4,411764705882353;2866,45;527,4;-2339,0499999999997;2025-M08;24308,0
VIA SUL;2025,0;9;464,57;259,95;66;8,0;55,95496911122113;12,121212121212121;3331,02;787,35;-2543,67;2025-M09;24309,0
VIA SUL;2025,0;10;423,82;672,16;67;13,0;158,59563022037656;19,402985074626866;3754,84;1459,51;-2295,33;2025-M10;24310,0
VIA SUL;2025,0;11;517,08;180,81;67;5,0;34,967509863077275;7,462686567164178;4271,92;1640,32;-2631,6000000000004;2025-M11;24311,0
VIA SUL;2025,0;12;570,81;908,8299999999999;62;22,0;159,21760305530736;35,483870967741936;4842,73;2549,1499999999996;-2293,58;2025-M12;24312,0
WAY 262;2025,0;1;100,0;100,0;1;1,0;100,0;100,0;100,0;100,0;0,0;2025-M01;24301,0
WAY 262;2025,0;2;100,0;100,0;1;1,0;100,0;100,0;200,0;200,0;0,0;2025-M02;24302,0
WAY 262;2025,0;3;0,0;0,0;0;0,0;;;200,0;200,0;0,0;2025-M03;24303,0
WAY 262;2025,0;4;12,0;20,0;1;1,0;166,66666666666669;100,0;212,0;220,0;8,0;2025-M04;24304,0
WAY 262;2025,0;5;59,0;47,0;3;2,0;79,66101694915254;66,66666666666666;271,0;267,0;-4,0;2025-M05;24305,0
WAY 262;2025,0;6;726,0;909,0;19;16,0;125,20661157024793;84,21052631578947;997,0;1176,0;179,0;2025-M06;24306,0
WAY 262;2025,0;7;1118,0;939,0;19;6,0;83,98926654740609;31,57894736842105;2115,0;2115,0;0,0;2025-M07;24307,0
WAY 262;2025,0;8;20,0;25,0;1;1,0;125,0;100,0;2135,0;2140,0;5,0;2025-M08;24308,0
WAY 262;2025,0;9;20,0;15,0;1;0,0;75,0;0,0;2155,0;2155,0;0,0;2025-M09;24309,0
WAY 262;2025,0;10;30,0;30,0;1;1,0;100,0;100,0;2185,0;2185,0;0,0;2025-M10;24310,0
WAY 262;2025,0;11;15,0;15,0;1;1,0;100,0;100,0;2200,0;2200,0;0,0;2025-M11;24311,0
