concessionaria;meses_com_meta;cumprimento_medio;cumprimento_ult_6m;pct_meses_cumpridos;inclinacao_pp_ano;p_valor;tendencia
AUTOPISTA FLUMINENSE;1;200,0;200,0;100,0;;;Dados insuficientes
AUTOPISTA LITORAL SUL;24;97,4467154748932;95,9571774548657;75,0;-6,2103094768368905;0,581406068389197;Estável
AUTOPISTA PLANALTO SUL;12;99,04357425537346;98,06810089169932;83,33333333333334;23,465756399497774;0,5167093209673631;Estável
ECOVIAS CAPIXABA;11;168,05819791747314;141,44002951536743;81,81818181818183;-134,96917913042267;0,07447221054134068;Piorando
ECOVIAS DO ARAGUAIA;24;15,422829703569269;28,35798548094374;8,333333333333332;19,13722559772745;0,2871101422174636;Estável
ECOVIAS MINAS GOIÁS;12;88,24197409426414;76,62805312727335;83,33333333333334;-43,15227487679323;0,24455779381430745;Estável
ECOVIAS RIO MINAS;12;17,090823578187948;33,333333333333336;8,333333333333332;90,36145460429742;0,122022548352968;Estável
ELOVIAS;6;121,21784604991974;121,21784604991974;66,66666666666666;-17,072711178306687;0,9342195866547575;Estável
EPR IGUAÇU;5;135,1395330063356;135,1395330063356;60,0;-209,68306617279896;0,2105963433766283;Estável
EPR VIA MINEIRA;10;104,40278259133436;86,51062098394623;50,0;-16,82744775511195;0,5894204264851014;Estável
LITORAL PIONEIRO;12;137,1305943738;147,3614924929008;75,0;24,83443797047216;0,6137845752635714;Estável
MOTIVA PARANÁ;8;124,81982260162833;128,1947410473131;75,0;-79,85211402348585;0,40078861938489363;Estável
NOVA 364;0;;;;;;Dados insuficientes
NOVA 381;12;82,4626019942507;64,92385718715461;58,333333333333336;-34,79642777731006;0,0285455149555727;Piorando
PANTANAL;11;123,30034182054168;81,88860324328117;72,72727272727273;-240,70484720221665;0,0002901720025038444;Piorando
RIOSP;19;95,9352350040198;121,54348745147776;47,368421052631575;15,832717192231318;0,6076735872959496;Estável
ROTA VERDE GOIÁS;10;34,9003376178453;58,167229363075506;20,0;146,22632558102484;0,11075789958160284;Estável
VIA ARAUCÁRIA;14;113,80808113478547;97,53452555904086;71,42857142857143;-4,630257265297315;0,8709452614532892;Estável
VIA COSTEIRA;19;83,29249557462796;132,10229528358232;42,10526315789473;45,278630330972454;0,16964801758605225;Estável
VIA CRISTAIS;15;43,77613797245079;38,70995510607344;13,333333333333334;-45,28343108931744;0,20318351818981192;Estável
VIA SUL;20;27,360380314898798;74,37039914660797;10,0;66,80917496352426;0,000673881210620628;Melhorando
WAY 262;10;105,55235617334733;101,53264635294234;70,0;-20,45899927134327;0,5631751748975743;Estável
